ticker,calidad,crecimiento,valoracion,solidez,compuesto,exclusion,sector_gics,kpis_con_dato
A,0.10710707369907159,0.026829185950639284,-0.20969765905648519,0.5074597856258043,0.2265374083351743,,Health Care,17
AAPL,0.33426851036973043,-0.09391322688550109,-0.21326659825196534,-0.12814522305157444,-0.10754859549614629,,Information Technology,16
ABBV,0.4640040412106046,0.0980789843174633,-0.7812313084000904,-0.5067058166163971,-0.7037201711849561,,Health Care,16
ABNB,0.5590423752683112,0.4712325679183318,-0.082578321337974,0.09021769966588737,0.6501346477874589,,Consumer Discretionary,8
ABT,0.06760519280068843,-0.14570241812142515,0.062961256247563,0.10578251643698293,-0.047546110141698066,,Health Care,15
ACN,-0.42735922436062407,-0.3118683547738888,0.33814966967487675,0.023204609038624868,-0.2996393887399645,,Information Technology,14
ADBE,0.6432641058670285,-0.2316427226320387,0.43838186907929666,-0.0579645247149303,0.5121948635494078,,Information Technology,16
ADI,0.30651652135745083,0.13542933737536478,0.16107982542936658,0.08408090328531712,0.439379554790292,,Information Technology,13
ADM,-0.43352929865416207,0.20085884316348265,0.46125880223589205,0.26675794026679456,0.32744404564645807,,Consumer Staples,13
ADP,0.8966441321727595,-0.12079774588455672,-0.3509572811275857,-0.46080514385803206,-0.0723169307494526,,Industrials,9
ADSK,0.40874028413676694,0.07043614949790246,-0.07112018021625602,-0.10882438897352102,0.17022257701000476,,Information Technology,17
AEE,0.007966487193282698,-0.11966972501760173,0.027320802701966095,-0.28573755437320275,-0.3516240876306412,,Utilities,15
AEP,0.6829416013193182,0.2520530267388831,0.47605362219059527,-0.9157714427085594,0.44150342408609555,,Utilities,9
AES,0.27139887491536546,0.49148560687253606,0.5044982780840005,-0.28061571426062243,0.8919493130581452,,Utilities,10
AJG,-0.22265766407915388,0.009817004691614553,-0.6579274612680627,-0.37944756687552356,-1.0506192012932718,,Financials,11
AKAM,-0.19545113103100842,-0.23019225425857728,0.23795528430614268,0.1549023905664343,-0.06017358370905531,,Information Technology,13
ALB,-0.34944447731651757,-1.1206832762824013,0.5895890762645231,0.43308765855759,-0.1012613437237619,,Materials,17
ALGN,0.09700652542239009,-0.14676902144547632,0.2284951241214943,-0.46636598495047404,-0.35154765860012593,,Health Care,13
ALLE,0.3107661955436634,-0.012243199058794804,0.345144007638915,0.016213919365241785,0.4540898089709046,,Industrials,12
AMAT,0.03994604168996343,-0.39388857475798816,-0.42351661923438577,0.6557975866793001,-0.12184699310199475,,Information Technology,16
AMCR,-0.6508936501865233,-0.05371591238778976,-0.4278474178196471,-1.0098674797944796,-1.1612190536779505,,Materials,15
AMD,-0.20230578752248737,0.6530195640479439,-0.033061743929149234,0.5887754114961656,0.6609651122389423,,Information Technology,15
AME,0.27860714256662067,0.035739298854236774,0.2477591335779676,0.030061628363165588,0.40286084336231676,,Industrials,15
AMGN,0.36823820046854966,0.0052352207257481504,-0.13814199081723771,-0.5034256028104004,-0.33584515298799167,,Health Care,17
AMT,0.49840387378951373,-0.14324564387656144,-1.0755652773048168,-0.6755976981805272,-1.4420154494590516,,Real Estate,13
AMZN,-0.09999172203404008,-0.296475507236345,-0.21423497555222354,0.3327395176808255,-0.3090906655116658,,Consumer Discretionary,16
ANET,0.6570976797525,0.04970923109677439,0.1033182274297046,0.9157994214841773,1.1602440229047792,,Information Technology,13
AON,0.14426145326312628,-0.11922334455250821,-0.7701915314815725,-0.35546204994273084,-0.8431730803230143,,Financials,13
AOS,0.06782856158368954,-0.20705377294042404,0.5369291184718751,0.23856402971222268,0.43622535137889923,,Industrials,16
APA,0.2102491280049662,-0.31842211928613756,0.8367874391799089,0.04878451157995275,0.408164960855937,,Energy,9
APD,-0.4032517325687406,-0.530078021688236,-1.1070020212485185,-0.6131223451916623,-1.480874675864847,,Materials,12
APH,-0.17873539331366567,0.6301865269783866,0.28410584560483954,0.08809763404980797,0.5341339994239263,,Information Technology,16
APP,1.895903473243744,2.027454488076258,-1.6899947387036611,0.8042693768256712,2.1440106636946665,,Communication Services,12
APTV,-0.6013693271259625,-0.9364491577637265,0.05072364364836801,-0.12973033662835176,-1.2850715388641785,,Consumer Discretionary,16
ATO,0.1493774198938909,-0.07428318586589815,-0.3004182676268376,0.5449340014265747,0.2805065219141069,,Utilities,14
AVB,0.2522079553841383,-0.2325509476136817,0.36092387052346653,1.4322377048811161,1.9323001581469301,,Real Estate,13
AVGO,0.5345971070836867,0.16983969284754588,-0.11374604363378943,-0.24261284952620463,0.204118194201329,,Information Technology,17
AVY,0.2374543672259207,-0.07315388273231777,0.16512379017783016,-0.836800727675234,-0.1387381396185354,,Materials,13
AWK,0.33359798699314563,-0.06044976927515072,0.0632540076013598,-0.0013791885182092105,0.29463244551895007,,Utilities,14
AXON,-0.34867307701716116,-0.5645589009007105,-3.236262254797129,0.06352771639067727,-3.1363916299706736,,Industrials,17
AZO,-0.013176393988481125,-0.21398494468690998,-0.4670006872677137,-0.3056962501812961,-0.8353256540066686,,Consumer Discretionary,15
BA,-0.5893740799868633,0.9790634749776811,-0.7588857869762593,-0.5288352233407937,-0.7245523882444653,,Industrials,15
BALL,0.18911606788095942,0.27349666122117094,0.4649669255803013,-0.9239933338753281,0.18081311321681312,,Materials,12
BAX,-0.6644018406892354,-0.3978072600440138,0.17930994607097533,1.1875437714943091,0.12443168661783907,,Health Care,11
BBY,0.3157853325922085,0.3605750746756952,0.5796949985233406,0.4765490965171675,1.1565379073126372,,Consumer Discretionary,11
BDX,-0.1335074488672677,-0.12595538556903924,-0.0665084568623645,-0.8598386169173493,-1.0733598917127565,,Health Care,16
BEN,-0.7671465187113363,-0.3895324832756389,0.0006581255766105557,0.47981367827944077,-0.25465888348638044,,Financials,14
BF-B,0.6415770296595772,-0.1037042734425571,0.2705093538779979,0.7567415417914815,1.222805362181175,,Consumer Staples,17
BG,-0.9379942345457085,1.037646660293426,0.05278865565369495,0.7844469721185576,0.6969970296096363,,Consumer Staples,13
BIIB,0.10927629686285475,-0.29507326354541996,0.4493018563503097,0.7765017697567246,0.7153993725408984,,Health Care,10
BKNG,0.08358308030978541,0.4019559889162203,0.622248637324595,0.3557775067617944,0.960418289309359,,Consumer Discretionary,14
BLDR,-0.8718133024192725,-1.0010273001510874,0.27872011093526794,-0.5523445355607624,-1.6690574634536819,,Industrials,16
BLK,-0.1546224599809639,0.08540277768860745,-0.30465679472390017,0.3452427705509934,0.6433118116302007,,Financials,15
BMY,0.24542478965215253,0.2751035583171502,0.34376063322212547,-0.4523341038476083,0.21067069904616767,,Health Care,13
BR,0.02849298372746369,0.20469092305591105,-0.33360853884739344,-0.3683159631890287,-0.3997713119404833,,Industrials,17
BRO,-0.09838807079730187,0.2775355201320124,-0.1639658184076394,-0.30491797522065156,0.2812486323848728,,Financials,9
BSX,0.16228145373188047,0.1876536090459265,0.0069249431964354125,0.0643273469191527,0.21809030244538416,,Health Care,17
CARR,-0.3769676925036587,-0.38851175022015116,0.12149500751817441,-0.6433457159897119,-1.0190770616503497,,Industrials,15
CASY,-0.1786055978477215,0.17700835518179595,-0.130930778586794,-0.22640125661521232,-0.3875507930638177,,Consumer Staples,12
CAT,0.1472795609294984,0.2581682666594159,-0.39649506248164657,-0.08420037109452291,-0.10207331548570682,,Industrials,14
CBOE,0.21107496483753613,0.16872311989572877,-0.1255593326056554,1.1007267024225809,2.5619071778241382,,Financials,17
CBRE,-0.23098310184879003,0.18186292916461355,-0.3133691883736308,0.4636960388051179,0.1324133538760696,,Real Estate,16
CCI,0.008489739262896645,-0.4483816067827486,0.18688266184210947,-0.8227832122599619,-1.1052884488773962,,Real Estate,16
CCL,-0.03511088480608008,-0.03985976193055655,0.535492882014563,-1.020009672064107,-0.5143117191531852,,Consumer Discretionary,16
CDNS,0.12494111479258307,-0.09478955796683071,-0.20955429111406756,0.06456648801875942,-0.117110715585979,,Information Technology,13
CDW,-0.7191374284288692,-0.41973451249279486,0.32313439140696915,-0.7750725283880329,-1.1413297024017428,,Information Technology,15
CEG,0.34567239072209804,0.5128742228290837,0.01710657328408142,2.6293409258769653,3.1998792412814683,,Utilities,14
CF,1.2513949471376196,0.3562466546303477,0.6988475128751367,0.9857624021500765,2.237513008779598,,Materials,17
CHD,0.14493802533057037,-0.1682607455926274,-0.18329965341046692,0.06127398346185259,-0.20879204284302394,,Consumer Staples,17
CHRW,-0.45143837573550916,-0.008307794719215186,-0.10452234329170079,0.11553177907570551,-0.3846373467132219,,Industrials,15
CHTR,-0.06288985691047295,-0.1490964959870241,0.7025933947660025,-0.8104814378058552,-0.2174647440594882,,Communication Services,15
CI,-0.3106785518038797,0.023954882023617716,0.721217728402627,-0.37190354020406574,-0.07009310813967302,,Health Care,13
CIEN,-0.23752699671948227,0.7655524438827719,-0.5764536982875952,0.38569761324316776,0.19661784669140037,,Information Technology,16
CL,0.16814280313332705,-0.08996909041982742,-1.3126020535313365,-0.7785375236571904,-1.7719139553512036,,Consumer Staples,16
CLX,-0.16052896978472453,-0.37164760468752717,-0.39770310180934626,-0.6028463875151169,-1.3699722483137295,,Consumer Staples,12
CMCSA,0.06290185643513675,-0.06551226657110801,0.6199543779585504,-0.33023282482985056,0.20945362871484025,,Communication Services,11
CME,0.6608532570939281,-0.23694104946680308,-0.3088598067402935,0.2678704643459001,1.214004938393102,,Financials,13
CMG,0.12654594018329232,-0.06872864669779082,-0.07156576567575508,0.4809144512569277,0.23408037067947782,,Consumer Discretionary,14
CMI,-0.3722233458101738,-0.029703401917091237,0.1876869982604128,0.1212276503158895,-0.11551308231036587,,Industrials,17
CMS,-0.4215958932520402,-0.20195998763782588,0.08374390537363179,-0.1595602857205322,-0.6533805026158339,,Utilities,14
CNC,-0.1639987111291194,-0.03503754641317902,0.8436040207724144,-0.05893108125447194,0.3502486595951828,,Health Care,15
CNP,-0.2229184295401979,-0.16296831887634358,0.24055672824063837,-0.029691402681040202,-0.17281820202117015,,Utilities,15
COHR,-0.7347287860039767,-0.24739963039831944,0.03352970203162908,0.4328616841397801,-0.39530683665689115,,Information Technology,12
COIN,-1.1729402552876091,-0.9056883795018476,-1.349417110237211,1.8458695659949178,-1.5109388362698697,,Financials,11
COO,0.043815019719775736,0.12985127021065382,-0.15364540767573714,-0.681081291592466,-0.6516492524906046,,Health Care,16
COP,0.02829243043542251,-0.3234017139611647,0.232009625179312,0.04444092833071993,-0.07878808530867958,,Energy,9
COR,-0.5765792261837782,-0.028818961230931233,0.1599520318322295,-0.4942090785619239,-0.8755397028947254,,Health Care,16
COST,-0.16074366136016477,0.10765597562925007,-1.163344792045117,1.3084614495905027,-0.010116585353506935,,Consumer Staples,17
CPAY,0.10780595762089427,-0.3265108959577656,0.3294833487165107,-0.5905291127937973,0.017761433727643026,,Financials,16
CPRT,1.3905032740687138,-0.23863907502955542,0.06990884269296681,6.366803148093703,5.696009627371783,,Industrials,10
CRH,0.10273243914199263,0.00614698494354339,0.008276591755593985,-0.37816689526808833,0.015336543953450443,,Materials,12
CRL,-0.4959733954072158,-0.8111201562872927,0.1855493870605855,-0.2714003560496804,-1.239821927437357,,Health Care,15
CRM,0.13908366683179377,-0.2154810652747852,0.32111205554573485,-0.37565527924035286,-0.12828598657071386,,Information Technology,17
CRWD,-0.323518938489399,-1.0566748572151166,-0.17013293283300257,-0.11865594136861153,-1.1955758219890344,,Information Technology,14
CSCO,-0.013684416540238819,-0.26584948108781825,0.22722317721425914,-0.7717985900394831,-0.6092948746846168,,Information Technology,14
CSGP,-0.2202516253593594,0.9520001215278513,-0.5401177197316982,1.3289937214613314,1.6250364164609976,,Real Estate,17
CSX,0.46661148067516667,-0.2867219000127343,0.2979665257115995,-0.456343951471848,-0.02886950311797933,,Industrials,16
CTAS,0.4172688922599087,0.012396479223222715,-0.6931738017146837,0.40995650405515377,0.06565104429390763,,Industrials,16
CTSH,-0.23480228895673905,-0.24247873556812374,0.5380123890517704,0.509002085654178,0.35793109469301887,,Information Technology,15
CTVA,-0.366803332851539,-0.2606574814278293,-0.9156519796673237,-0.42821517872449405,-1.0542794787867193,,Materials,13
CVNA,-0.33932835592285343,2.491525776148182,-0.9832710786724188,3.4727426733907563,3.2771375531634925,,Consumer Discretionary,12
CVS,-0.2628014324484932,0.26968630700893875,0.35955466220158894,-0.11631539256683526,0.08061675508284279,,Health Care,16
CVX,-0.14669862793071436,-0.19170481526407082,-0.006809447126754927,-0.15603024421475964,-0.37398772839245076,,Energy,12
D,0.14217494365724462,0.6050753228025415,0.18773871400629646,-0.4745697147953352,0.4095568354897351,,Utilities,12
DAL,-0.45301333467960997,0.036382154048376504,0.6754862160158932,-0.35247839606918163,-0.11597553358348757,,Industrials,15
DASH,-0.020276027626621618,0.8401075554492738,-0.21596614435059822,0.28730146971417464,0.5431612107890957,,Consumer Discretionary,12
DD,-0.5721384305674433,0.34139537833697103,-0.14805477946286194,0.7683650581411987,0.24958338009249623,,Industrials,13
DDOG,0.13722920282903395,0.25618343177016284,-0.8742231761622065,1.2398501980722885,0.4892958971630305,,Information Technology,13
DECK,0.3727228783019561,-0.012126870517972649,-0.17999706745968158,2.29002056020531,1.6945233445770613,,Consumer Discretionary,14
DELL,-0.7832693150905807,0.3361703077070113,0.3963481923201,-0.6188036163019957,-0.5020449775156418,,Information Technology,15
DG,-0.27241600704674107,0.21248020552508776,0.6023042570122786,0.22926626407719905,0.5586865292126649,,Consumer Staples,16
DGX,-0.13302888714838,0.011578440180966048,0.3642341104967972,-0.3936713847613531,-0.24165314792128828,,Health Care,16
DHR,0.12802175335811541,-0.10542546257254548,-0.10629851898478317,-0.16328906731496423,-0.31888599869812473,,Health Care,16
DIS,-0.062021651745393876,-0.20837684275419477,0.27961456494857123,-0.5086362236445717,-0.3437468012273311,,Communication Services,15
DLR,-0.4532951562130316,0.7392323072745861,-0.5621479966021417,-0.4003597494123248,-0.6854771067801234,,Real Estate,8
DLTR,0.16002217845033875,0.2589458658506731,0.17005440496394858,0.23633699505212777,0.6036519976002015,,Consumer Staples,11
DOV,-0.05444740258996474,-0.2737080459660308,0.4770714697645971,0.3374885834670266,0.32284591403021273,,Industrials,11
DOW,-0.818036347947756,-1.101435716238411,0.3968161460059611,0.046292529299326944,-0.744733341639254,,Materials,13
DPZ,0.16950762138394002,-0.13204185805995824,0.08191016717326004,-0.3458904423363724,-0.2715868625356204,,Consumer Discretionary,16
DRI,-0.12682108345620677,0.054882201911074596,0.13993391661651336,-0.27523574710430493,-0.25753698056644486,,Consumer Discretionary,15
DTE,-0.2591615672820977,-0.3970956678201794,-0.0805938848242627,-0.2406945009963568,-0.9083236054207544,,Utilities,9
DUK,0.15693007698046077,-0.4368934032544245,-0.6326847376844501,-0.21960270274909557,-1.0501093246956665,,Utilities,14
DVA,-0.0628402874857945,0.09621535995507903,0.7564806236213463,-0.6197931317398578,0.016275921817631683,,Health Care,15
DVN,0.1634270479868365,-0.1346231126382553,0.6896179962668305,-0.40160449307429147,0.12642460762835916,,Energy,12
DXCM,0.30911131424578486,0.8323957535554332,-0.08064746048140735,-0.07867593988863741,0.6689303983592042,,Health Care,13
EBAY,0.5834994072506287,0.1901493398378129,0.10669313629239857,-0.34455118633059123,0.2841052333184831,,Consumer Discretionary,13
ECHO,-1.0156614012841543,-1.9026539637084576,-0.29173248006649893,-0.20400032659555145,-2.393726860186118,,Communication Services,14
ECL,0.31294699694493483,-0.07325931944673468,-0.5434043324302678,-0.2589664103340186,-0.17332636824168873,,Materials,17
ED,-0.4925387342669647,-0.0677620147553131,0.3182442101602703,0.21537642236533736,-0.03686487794910585,,Utilities,12
EFX,-0.0072787381362811,0.014564379633232974,0.264207430835598,-0.7101926021275947,-0.3770436770342021,,Industrials,14
EIX,0.5432700302690308,0.6225266483759235,0.9029833048677609,0.15403814013522246,2.024777767283932,,Utilities,15
EL,0.03766262513824148,-0.21881746650609527,-0.9024834958007286,1.7378303839555787,0.4603916600454386,,Consumer Staples,14
ELV,0.031226739608201614,-0.36768669336805965,0.4892009738126255,-0.31688139364454504,-0.252303533505249,,Health Care,14
EME,-0.4981933402919199,0.2785337415665354,0.09541898813458394,-0.2833157813499063,-0.35348226680463163,,Industrials,13
EMR,0.1898332897427634,-0.22612478155706786,0.15746610624114404,-0.6224270682985278,-0.4243682309093564,,Industrials,13
EOG,0.4712812783818251,-0.03170999486751963,0.44110901967489635,0.36669814723194794,0.6956541061397177,,Energy,12
EQIX,-0.30360792798155184,-0.9707522804171398,-0.4192943559983155,0.16753145047498297,-1.5788445597515701,,Real Estate,15
EQT,0.46244429889053146,0.9362465624430379,0.09793003675325351,-0.13371316457401922,0.7663240300222767,,Energy,16
ES,0.3004171777455212,0.5062073961054473,0.12824659466637725,-0.3157546671597736,0.5550012652446675,,Utilities,11
ESS,-0.09263660560114173,-0.08339488581233612,0.12039587438051888,-0.4765295027454237,-0.5336240445252505,,Real Estate,14
ETN,-0.08483396434076818,0.1278503598973212,-0.22120476763230568,-0.26027521254489644,-0.3768651721875927,,Industrials,13
ETR,-0.34283504708741097,0.4634499153703197,-0.035146200524280496,-0.12919640945703809,-0.05248885599391498,,Utilities,11
EVRG,-0.227832171721477,-0.2715512141316019,0.360940445721729,-0.28282578305201383,-0.39850139063918844,,Utilities,16
EW,0.25132983301194395,0.17255174906979412,-0.40115096284737406,1.954007237575258,1.4681957313236624,,Health Care,16
EXC,-0.16280465290030907,-0.3756673613493027,0.058174055320565396,0.04772316690576811,-0.4088632896859776,,Utilities,14
EXE,0.21480949562774213,2.3368889896387643,0.7093729081954453,0.2255567692823963,2.065415975071068,,Energy,14
EXPD,-0.3132335590928969,0.14575688444268076,0.17917207809195523,0.17989602462711793,0.09980434938108695,,Industrials,12
EXPE,-0.1327619008355014,0.9185507164711674,-0.15592678682244676,0.18945700326357573,0.49078682605542717,,Consumer Discretionary,15
F,-1.807997062536429,-0.010569174542293447,0.5330201634223165,-0.32868588477644933,-1.2831811785110672,,Consumer Discretionary,14
FANG,-0.9114473131929228,-0.17084234649472768,-0.11291473996913408,-0.08770065468294325,-0.852134799820041,,Energy,11
FAST,0.2377172216246275,0.10741290010333442,-0.046973012673186244,1.754862925103688,1.5080723025419416,,Industrials,16
FCX,0.08921618872122454,-0.4136104161516008,0.21454442771429388,0.5056155251288529,0.4260783781269737,,Materials,15
FDS,-0.055158708158091686,-0.24351660593029437,-0.195301266279289,0.09099916510214308,0.12422064324517836,,Financials,12
FDX,-0.5346335897453285,0.12925481539657815,0.5904809088570983,-0.05411921301357568,0.05395084889334714,,Industrials,15
FE,-0.4544705537689408,0.26283563697128676,0.32418741122132666,-0.7113530970842793,-0.5428777830799834,,Utilities,12
FERG,-0.14311915693096494,0.42495523282833836,0.17444579977965735,0.3571065290765544,0.5702262354382398,,Industrials,11
FFIV,0.26290691825266616,-0.2896226755224709,0.29103315795796564,-0.24332295222603767,-0.022854046832831647,,Information Technology,13
FICO,0.7405752359809541,-0.07222297308250546,0.14802977564711206,-0.46885605656906665,0.20373519835007736,,Information Technology,12
FIS,-0.48923289828109234,1.11745491953571,0.32815700170248635,-0.9728177945534444,0.6602221612385227,,Financials,13
FISV,-0.19477806253665958,-0.42712988348332837,0.10735861041868716,-0.5923399569989898,-0.8518727977714855,,Financials,13
FIX,-0.1567378936564617,0.863786438039346,-0.37625500339518997,-0.2982791731035452,-0.020545754409238344,,Industrials,13
FLEX,-0.8276203986006401,-0.29361637749150904,-0.013604488065178263,-0.29814604764048663,-1.031812128219838,,Information Technology,17
FOX,-0.10272632289714449,-0.4935783099191489,0.29712605541139797,1.6570645854182338,0.9625744753630656,,Communication Services,12
FOXA,-0.10272632289714449,-0.4935783099191489,0.22795361622009672,1.6570645854182338,0.9139225993522544,,Communication Services,12
FRT,-0.08818517859410645,-0.2698049286485697,0.3036259161529998,0.03771921637091463,0.008483604694878438,,Real Estate,15
FSLR,0.07714117969613989,0.1881592091807415,0.5491941833045165,0.8572210836912788,1.1226269680294465,,Information Technology,16
FTNT,-0.07729391023352675,-0.005379753115957823,-0.4251028026631853,0.31855365859332097,-0.168729603848549,,Information Technology,16
FTV,0.249307434748077,-0.4669318339823716,0.1231713681402802,-0.427692749575357,-0.44017512378068996,,Industrials,17
GD,-0.24323398243381167,0.4409804737363912,0.536465511068795,0.14199423654582238,0.6177512076290502,,Industrials,13
GDDY,0.858633578657101,-0.23117582317928684,-0.7943847633982435,-0.8987429701980929,-0.7769204903887051,,Information Technology,15
GE,0.3498909562524442,0.4825359646053471,-0.44469591570983563,-0.47681514901673994,-0.11254137900289318,,Industrials,12
GEHC,0.029055603167323113,-0.2228763709341151,0.3763575779906676,-0.350036178559408,-0.25500296213464413,,Health Care,12
GEN,0.4734399366198758,-0.12500901249092433,0.3193970481159735,-0.9320246556043718,-0.22075604605724972,,Information Technology,14
GEV,1.2187486072583955,2.412841180660265,-1.1236712264279165,0.7066886763087162,2.386873685704204,,Industrials,16
GILD,0.32469269155367064,-0.17047216717078337,0.23772383567956515,-0.2866099406984145,-0.03574232204228962,,Health Care,14
GIS,-0.3167418035987987,-0.7596053902878638,0.5799797585216336,-0.29386088592255477,-0.7485310231714992,,Consumer Staples,17
GLW,-0.41736254832894476,0.26381686920668285,-0.34187509543245964,-0.4724145024869116,-0.7090302905323038,,Information Technology,17
GM,-0.47215670693984124,-0.47135788010682894,0.5655724958311598,-0.204483144570754,-0.5310325200240164,,Consumer Discretionary,12
GNRC,-0.4020895532610626,-0.23104623605228328,0.1106298051186171,-0.113541412496542,-0.5263476447853189,,Industrials,17
GOOG,0.24108552329339958,0.4379755744439018,-0.34797355678667063,0.586710199437887,0.6530419493944287,,Communication Services,13
GOOGL,0.24108552329339958,0.4379755744439018,-0.3527509636208541,0.586710199437887,0.6496817989115594,,Communication Services,13
GPC,-0.6534199060035139,-0.43656222314440446,0.3999529138032192,-0.26881168773944003,-0.8054255172564811,,Consumer Discretionary,13
GPN,-0.22558274405447767,0.07847475243260578,-0.11572151972949261,-0.8989536275590303,-0.9279924443646739,,Financials,17
GRMN,0.6241659266810341,0.39178342050364606,0.34197839210188535,2.7056842033943225,2.855755484323919,,Consumer Discretionary,13
GWW,-0.03111623755894103,-0.1629576331788186,-0.10178790655521905,0.8136843970898555,0.34661528326759933,,Industrials,16
HAL,-0.10229730109986658,-0.42309707260729396,-0.45006245484877244,0.41152151715638907,-0.41233689189797135,,Energy,14
HAS,0.6522600672952809,0.5146162352987682,0.16400180792636437,0.2867357590977962,1.0727140203208319,,Consumer Discretionary,16
HCA,-0.16514349306367085,0.048046775691506595,0.40913761025094486,-0.8873281967069018,-0.5987912346603919,,Health Care,11
HD,-0.10632958790912979,-0.3081759242701804,-0.08611421394455826,-0.0773335860491177,-0.5277726543216916,,Consumer Discretionary,16
HII,-0.7647793647575335,0.005934977474590486,-1.6347793781420006,-0.28263317855726433,-2.0698727167559445,,Industrials,12
HLT,0.16896283408305027,0.024879923853966007,-0.5302140965773249,-0.7750804452020731,-0.9166731634613948,,Consumer Discretionary,14
HON,0.14741712565854434,0.05904715589622036,0.3338527271919515,-0.4238910380640166,0.042937755370815386,,Industrials,16
HPE,-0.4044308169184776,-0.2693712589700271,0.4679518013741744,-1.3376019022268384,-1.1084667474455954,,Information Technology,15
HPQ,-0.8765149910300206,-0.29099622744570736,0.4272427447584053,-0.5390996821294062,-0.925211555166577,,Information Technology,15
HRL,-0.5237249414563125,-0.3006127172972408,0.24115675513497956,0.6615011993381263,-0.021590204705823575,,Consumer Staples,16
HSIC,-0.2511359910790892,-0.3669376935489867,0.4340600296185011,-0.35815437018359697,-0.5561023612149659,,Health Care,17
HST,-0.08305735922993684,-0.011350446772936118,0.4140263872952792,1.126180826893468,1.5463522876731646,,Real Estate,13
HUBB,0.15643944008761437,0.05506149346258151,0.1026746929954784,0.24247698794698755,0.3759922021419447,,Industrials,16
HUM,-0.17067212634347503,0.038741399994018044,0.6482756669642306,0.26986876187046943,0.5114407402225971,,Health Care,15
HWM,0.43485240465248015,0.4906224311702945,-0.6320734336429219,0.4291047794722401,0.5014690873600688,,Industrials,15
IBM,-0.07493910218882466,-0.1645672811145307,0.3432055047249465,-0.8414107291752367,-0.5493411237266372,,Information Technology,13
ICE,0.046908909573281594,-0.09256814715841193,0.037390817347139234,-0.5636540335528418,-0.11005036326382198,,Financials,15
IDXX,0.40589597545755607,0.27169623042113367,-1.0473601989592825,-0.05784204927359832,-0.4640387760675776,,Health Care,15
IEX,0.1280314895843558,-0.07705391515454803,0.3648033914063205,1.3858533478109676,1.3178858764172703,,Industrials,14
IFF,0.01836839092933377,-0.5571993743066206,-0.4053932320093277,-0.4662779828274963,-0.7035443801933423,,Materials,15
INCY,0.6833487839442998,0.7638221044057678,0.3442774094580232,1.2441638960271533,2.3191514244259324,,Health Care,9
INTC,-0.9105394095374378,-0.6768314557131782,0.4459296670378368,-0.41629752874909737,-1.1183805790315897,,Information Technology,14
INTU,-0.03303414200813546,-0.027172910589349675,-0.09983140354887432,-0.20342343340357175,-0.2896389129018321,,Information Technology,16
IP,-0.907955874606996,-0.3138347009582221,-0.32828281974288953,-0.7602091120187945,-1.2662584168913982,,Materials,13
IQV,0.032351261294338136,-0.0925954514866703,0.21775412976708022,-0.7797932498680856,-0.6204863542693259,,Health Care,16
IR,-0.03048676921465978,-0.0882742865595182,0.291672254632977,0.19467341192254894,0.23295238330404527,,Industrials,16
IRM,-0.7447110824615645,1.3453280937846852,-0.20063621116370545,-0.6158411359965291,-0.20100611581239472,,Real Estate,13
ISRG,0.3728639932684281,0.4546470285053125,-0.5461364735761568,2.716614443532483,2.288915846034194,,Health Care,13
IT,0.3562515526275109,-0.5561811019016404,-0.2723888317655334,-0.43351502992219565,-0.6660054840649381,,Information Technology,16
ITW,0.5927935083019019,-0.23260940848700096,-0.4580185806021017,-0.2635865897086214,-0.31857848672568817,,Industrials,14
IVZ,-0.6726960473893135,-0.19122558458354932,0.6090938563246523,0.3837954528506571,0.8618529129334875,,Financials,10
J,-0.618726500667052,-0.005348435901344151,0.06186612342702584,0.5308949165747726,-0.06883516988174128,,Industrials,16
JBHT,-0.43614063643336065,0.13525891979386104,0.2625226816489333,-0.4625613945302731,-0.4241170371480486,,Industrials,12
JBL,-0.7593992838519072,-0.04675514456996549,0.15950233106368344,-0.31616972146592215,-0.7055513134759751,,Information Technology,16
JCI,0.025234306287900132,0.34317288406187024,0.2108816596079167,-0.5286963340969018,-0.006868691338052815,,Industrials,9
JKHY,-0.18781597506182138,-0.0022372373310896956,-0.6429471737817399,0.7175411559843682,0.5229134678180193,,Financials,13
JNJ,0.20834863723990993,-0.041161664882710634,-0.02865709779120017,-0.7499518417451028,-0.611757724785532,,Health Care,13
KDP,0.10056879739522209,0.4496255385904277,0.01246018463090963,-0.747341084041878,-0.24171653696304077,,Consumer Staples,16
KEYS,-0.07844075266827087,-0.21441199752121465,0.08124766856852195,0.5538058643119391,0.20003989556088714,,Information Technology,16
KHC,-0.4335895607915086,-0.245227096524085,0.7585167459675899,0.11873763514801365,0.0789433287901859,,Consumer Staples,17
KIM,-0.012653579277913976,-0.3071673546771622,0.6682845506389838,-0.4358682329777612,-0.06592540399574334,,Real Estate,11
KLAC,0.284029177668774,-0.1805436792744609,0.3875207480186222,0.7886793794602072,0.8505865080145236,,Information Technology,13
KMB,0.232379733014709,-0.05472693284658827,0.16164050072714442,-0.21989251017770783,0.012792543792156328,,Consumer Staples,17
KMI,-0.15931453138203214,-0.12406970358607065,-0.26388558888799396,-1.0643043162745587,-1.0531835612580243,,Energy,15
KO,0.6587237602773204,-0.011469314506536932,-0.32144809297165744,-0.055993882690841636,0.13868116669948352,,Consumer Staples,17
KR,-0.4989331627606211,-0.6872801629869212,-0.07075974993675802,0.17970907060546606,-0.9887685306849702,,Consumer Staples,15
KVUE,0.16079243014825742,-0.04379781695480828,0.153123174020654,-0.27141455984066837,-0.08822653995991443,,Consumer Staples,16
LDOS,-0.2920230318836544,-0.08494667048637249,0.41066354103556185,-0.10133288809416945,-0.09631704509410333,,Industrials,16
LH,-0.1937287615552259,-0.12202752093256923,0.20949626745231503,-0.19334055194514108,-0.3611650090574529,,Health Care,17
LHX,-0.5412699829443517,-0.005448959373149186,-0.29107743364300953,-0.36026812887191073,-0.9515429383002292,,Industrials,16
LII,0.2756200298215718,-0.3705994146961549,-0.18571799717742926,0.043651733203456645,-0.22448198477352976,,Industrials,17
LIN,0.346999096302804,-0.06866620659834453,-0.3792644348070478,0.2500654030917851,0.2718371569191624,,Materials,16
LITE,-0.23048671113624208,1.0430037076878746,-1.9964855628424107,-1.2519416274325936,-1.727768002209504,,Information Technology,14
LLY,0.6759793715342309,2.074090308810126,-1.4632898979297697,-0.34872039570062047,0.633470281358143,,Health Care,9
LMT,-0.27169948194671384,0.7348349038383274,0.0902941523827937,-0.376650325666607,0.08859816205634494,,Industrials,14
LNT,0.20215888725035097,-0.14451306257127283,-0.48390122722343376,-0.4472481205430993,-0.8129700630311122,,Utilities,16
LOW,-0.3286211883925937,-0.021237764974046336,-0.26402023289221205,-0.3370245361363451,-0.7996396082520855,,Consumer Discretionary,15
LRCX,0.35644431030937596,0.0022522724606531728,-0.36872945154241166,0.6307349757516211,0.39329965266223543,,Information Technology,15
LULU,0.06433907697536431,-0.33625614092950173,0.2120323082062333,1.1180472380949902,0.6648948026427726,,Consumer Discretionary,13
LUV,-0.9492864252665809,-1.2794535863388194,0.38465844977601826,-0.1949588896716844,-1.587785161718361,,Industrials,16
LVS,0.4429132592789969,1.0656080310183527,-0.6108704774964749,-0.41017122760092933,0.24888823272071733,,Consumer Discretionary,15
LYB,-0.8852194515659841,-0.1565636822580756,-0.1596197826745137,-0.109279913378967,-0.6411182978169602,,Materials,13
LYV,0.22114937082428987,-0.13944073220405515,-0.9757427937989452,-0.2540139809481985,-0.7999540504099723,,Communication Services,16
MA,2.1006757043305546,-0.00418877292831657,-2.466910428339534,-0.03363642125079669,0.12271956898202838,,Financials,15
MAR,-0.10738906685779663,-0.017943356390664262,0.061038967726266366,-1.0814244654325573,-0.9416519007529043,,Consumer Discretionary,12
MAS,-1.0465121629233103,-0.21790900402084876,0.5552028579357817,-0.007218207784830927,-0.5871662124445868,,Industrials,14
MCD,0.6075618045902724,-0.08930889268135712,0.41228549549725974,-0.40399444561001857,0.2773647078265469,,Consumer Discretionary,15
MCHP,-0.1931141427282403,-0.29655088489517545,-0.33316694040167527,-0.8626109196167502,-1.206998021468942,,Information Technology,16
MCK,-0.5928486304949885,0.023482565040032627,-0.10587083558067138,-0.07260695471705947,-0.721392058800603,,Health Care,15
MCO,0.7214822081797838,0.11119673543009223,-1.049655577373609,0.32193004204323666,0.8285530480764731,,Financials,16
MDLZ,-0.27953732883799803,-0.038297676280659276,-0.8110717678118814,-0.5773546218880924,-1.5152144524870248,,Consumer Staples,17
MDT,0.07560289651354517,-0.10517474548616966,-0.09726363664871977,-0.07156089503045587,-0.2798330931624989,,Health Care,16
MET,-0.6577356299312024,-0.33740159078211,0.23820352184907986,-0.5889772621166554,-1.1833169604279532,,Financials,8
META,0.6451760774137985,0.316478765663526,-0.21032378295209508,0.6721247958440606,1.0086924979468614,,Communication Services,15
MGM,-0.49195831797149236,-0.1675918288822779,0.5759531045114246,-0.009285158220201088,-0.1741738863927686,,Consumer Discretionary,15
MKC,0.19098389094285292,0.22587058848701483,-0.0018538548927315018,-0.46425049134217516,-0.12836138197967312,,Consumer Staples,17
MLM,0.36018922772897494,0.4541367599143082,-0.016523932472193963,0.028066351432903775,0.6950604990698215,,Materials,17
MMM,0.2770127331040229,-0.2988191019479162,-0.38650796687462463,0.1112909187180047,-0.26985829870477035,,Industrials,16
MNST,0.6308060270959399,0.4664493781161655,0.40431972065773125,3.451935401389671,4.058751076941055,,Consumer Staples,11
MO,1.1502289292277035,-0.13801157322689087,0.4182846191393817,-0.4622894769461023,0.7232143500952225,,Consumer Staples,15
MOS,-0.964592470965648,-0.6561245393157682,0.5029499913862886,-0.40492267267336535,-0.7737053701740277,,Materials,15
MPC,-0.16756704321296115,0.42371079861103356,0.32509245224740463,-0.36006510164858424,0.06791719842731657,,Energy,17
MPWR,-0.01252920363740275,-0.13148198010867093,-0.05463818838962662,2.618431932337973,1.6417312437299698,,Information Technology,13
MRK,0.16145023524087623,-0.47616039774803665,0.252001564399785,-0.38612740780764665,-0.48109684792944524,,Health Care,13
MRNA,-2.3280703823693467,0.336517799935031,0.6054761412710425,0.8881147813224217,-0.5205762775688328,,Health Care,14
MRSH,-0.13973861775949545,-0.22656438833782225,-0.054972731624046554,-0.48250026584220035,-0.570221705360972,,Financials,15
MRVL,0.018969687935471696,0.2351617504529483,-0.46460634932337613,0.31470090546051793,0.034902620631846945,,Information Technology,14
MSCI,0.18450822807320164,-0.05705814517008787,-0.897397698753493,-0.7628217598076084,-1.4424279071783932,,Financials,14
MSFT,0.415339338751134,-0.0897496601173096,0.05808410828467712,0.07950453468300275,0.2839895494604432,,Information Technology,16
MSI,-0.03356671401529669,-0.29197887432193026,-0.3131210148353451,-0.5950284928675345,-0.8935177581375654,,Information Technology,17
MTD,-0.3811179269298709,-0.12498125681514503,-1.7560690900661975,-0.6768105932385018,-2.48227977419888,,Health Care,12
MU,0.5805478134523602,3.364255456565367,0.49246643615752106,0.7316283507177417,3.5494183776844386,,Information Technology,16
NCLH,-0.4571599183909408,0.19236364675906248,0.4850038512548107,-1.4700066852342393,-1.0175232065846502,,Consumer Discretionary,16
NDAQ,-0.04911687214112272,-0.15142503259126236,-0.4815932095218394,-0.5611996008818312,-1.041077563712052,,Financials,16
NDSN,0.4740608756205701,0.0710107183305964,0.32393408530970613,0.12582027858239242,0.707493219882454,,Industrials,16
NEE,1.0416791600991853,0.08106752797216281,-0.2291450190496065,-0.7238497539976629,0.14316311489204556,,Utilities,11
NEM,0.9982304608756312,0.7575619803925463,0.37962304271459857,0.5887083039304963,1.8822113374268001,,Materials,12
NFLX,0.20362087459349612,0.4121793806421304,-0.0765224465301081,0.11492817199739563,0.4676468157310172,,Communication Services,16
NI,-0.5664686288539403,-0.901657872040422,-0.024270629642712132,-0.507801802527704,-1.8455751408853847,,Utilities,10
NKE,-0.1764023198929822,-0.2778426349397172,-0.09672534569658987,0.946595770314395,0.18193000481871718,,Consumer Discretionary,13
NOC,-0.24455234188557226,-0.042925404870332244,0.4629541391750475,-0.21192022459640383,-0.07271623408084149,,Industrials,15
NOW,0.014418206877815356,-0.07835965343498519,-0.26042775188582745,-0.2506144689498995,-0.4364197137186548,,Information Technology,17
NRG,-0.26761256856427396,-0.012888005003857375,-0.7994198269182213,0.7339980369004455,-0.32944720542711464,,Utilities,15
NSC,0.2897722672221345,-0.31705771356071594,0.3106044554388394,-0.587544572066145,-0.27530709825788857,,Industrials,15
NTAP,0.28578138477292647,-0.23193176086568665,0.065082583615709,0.015806779162474416,0.05607642821901137,,Information Technology,16
NUE,-0.10731718699640802,0.23957174661719316,-0.17997476383129404,1.1956353112998275,0.8964654386978907,,Materials,9
NVDA,1.1840860947528056,0.683087984976285,-0.2860570650177911,1.209526493497634,1.899081893366229,,Information Technology,16
NWS,-0.17651024535796336,-0.289204060205419,0.02011989107267445,0.25333175327809,-0.12771006187773096,,Communication Services,8
NWSA,-0.17651024535796336,-0.289204060205419,0.15220247717336177,0.25333175327809,-0.03481084251687855,,Communication Services,8
NXPI,0.047804881721319546,-0.41269449459389396,0.36715134986549075,-0.26619380791944286,-0.22057242418527886,,Information Technology,17
ODFL,0.3757092057341507,-0.22436797935434516,0.013594316372061929,1.6766902001088113,1.3481414811599637,,Industrials,16
OKE,-0.3955807124170268,0.037677036510957516,-0.06740672751896665,-1.027231425123409,-0.9559025857890942,,Energy,16
OMC,-0.6864861156174976,0.15811609634242063,0.5607833809758357,-0.2240501299661701,-0.12726984513216677,,Communication Services,16
ON,-0.40118240412986933,-0.4766803651678588,0.020525993823355126,1.1776345454655017,0.1848407904041059,,Information Technology,16
ORCL,-0.5684703382449185,-1.5655829462195292,-0.08850788187839806,-1.0147887715956239,-2.283909164892313,,Information Technology,14
ORLY,-0.13421251445353635,-0.005798407677855412,-0.15355414405363899,-0.22097993369977528,-0.4815503570854891,,Consumer Discretionary,16
OTIS,-0.07839329089931311,-0.18206211058861954,0.32550008588357066,-0.4785681988197683,-0.35799670659485494,,Industrials,14
OXY,1.1925652114871181,0.2082702594788798,0.487517349517913,-0.16874688299954918,0.98451836352054,,Energy,9
PANW,0.05074196086696414,-0.12308209875805876,-0.11299270365803882,-0.7645686921669679,-0.6965855709681595,,Information Technology,13
PAYX,1.2409416820735648,0.20482831494276002,0.020772051940541894,-0.04305265900694635,1.031799493114126,,Industrials,16
PCG,-0.2676831459551366,-0.19833153944264734,0.6874970975015013,0.9291771323404836,1.0421551495410561,,Utilities,12
PEG,0.20239380668094573,0.24098615552498628,0.3236515144302576,0.33145167103371365,0.9943360035889454,,Utilities,14
PEP,0.11100945729219869,0.14036531201840155,0.07573598729812486,-0.18441233186665226,0.03229174143575347,,Consumer Staples,17
PFE,0.06149346799445384,-0.6839716192019948,0.05741111925650233,-0.5769578996008201,-1.0381724536364128,,Health Care,13
PG,0.4588192308595673,-0.0575613328309047,0.019309823852853927,0.020726752619095512,0.2822048177469517,,Consumer Staples,16
PH,0.20490553745599224,-0.03363147724213745,-0.2383037622382054,-0.07884179094788857,-0.1555039743050863,,Industrials,16
PKG,-0.11179051581863154,-0.0061384178288007435,0.07437616078419315,0.6831677449771911,0.5785793748339388,,Materials,16
PLD,-0.01805158605949542,0.38757908339526653,0.2188686199271832,-0.18674697005663599,0.4483508830010984,,Real Estate,14
PLTR,0.9209225530893114,1.499869048847709,-0.4401113694856605,4.102408596222126,4.18380059094718,,Information Technology,13
PM,0.9419811534048955,0.11378811113784569,0.03517331663862568,-0.23071345125164788,0.6328365444436839,,Consumer Staples,15
PNR,0.14832298320357365,-0.06334592520147692,0.38333930653603243,0.08020297530828552,0.36983895511377785,,Industrials,11
PNW,-0.6157677285467325,-0.19519147722789032,-0.29901366719301337,-0.30834894329417595,-1.3122905812988326,,Utilities,14
PODD,0.12373690866047915,0.7676505913380828,-0.5673246580160838,0.6979154939316256,0.7009110579299986,,Health Care,16
PPG,0.2655785475226263,0.008743316803663748,0.3540566662761187,-0.1855911933963043,0.45548524635502585,,Materials,15
PPL,-0.1403172822726891,-0.3904513870660853,-0.14311683723718738,0.12841017336408614,-0.5123355068366514,,Utilities,10
PSA,0.3017059168560412,-0.20883708978992652,-0.11814519546929983,0.7024171334495817,0.7380507419850042,,Real Estate,15
PSKY,-0.378412817176859,-0.08682510924091706,0.19541713916351813,-0.6922185753818334,-0.6691262830130356,,Communication Services,16
PSX,0.045392966329660334,0.3347654767314617,0.2968944478558302,-0.0749636428271915,0.30092700673567907,,Energy,9
PTC,0.530942049278855,0.22150624734118338,0.31157261641082895,-0.266393339736758,0.5160731178600658,,Information Technology,17
PWR,-0.10151399624609181,0.21470859476943538,-0.40551628536045986,-0.15971603796792366,-0.3871347181432383,,Industrials,11
PYPL,-0.13028338859826608,-0.14460362622514786,0.3229980775826071,0.05783540030205007,0.8299300872915185,,Financials,15
QCOM,-0.29216167595599846,-0.5544437929157807,0.264496827341501,0.14443250195119192,-0.3411382297210509,,Information Technology,16
RCL,0.09240632809600961,-0.2881085127525463,0.255577452964638,-0.9301258896521858,-0.7408465025018013,,Consumer Discretionary,16
REGN,0.31026203010868275,-0.11694705113428934,0.09771642919500169,1.3988090623033824,1.2376329953097933,,Health Care,15
RL,0.2562329111514359,-0.14086314505733913,0.1810677635279817,0.6577226529672616,0.5890810009632209,,Consumer Discretionary,17
RMD,0.3516123415396807,0.03871616032951084,0.04811286477188309,1.0838065574430205,1.1029486173017686,,Health Care,16
ROK,0.23000784310506495,0.0428713903458143,-0.8100149655141885,0.044850595144768884,-0.41758398731836355,,Industrials,15
ROL,0.1765318845286402,0.00416628178702854,-0.3228196256107679,-0.13814010244370986,-0.2571770798154962,,Industrials,16
ROP,0.18073194774147133,-0.24184223659847726,0.39137913771824656,-1.1354298469642496,-0.596146117666486,,Information Technology,11
ROST,-0.07878635187019305,0.17258396444459642,-0.09664961016029797,0.8460117375775529,0.5081658138851934,,Consumer Discretionary,16
RSG,0.026074151116424787,-0.22082076225371386,0.320027836975379,-0.6230566468366906,-0.42173767395367356,,Industrials,16
RTX,-0.14740665025034672,0.4641321929031516,0.3651354587718583,-0.2907839077419038,0.25072567350814157,,Industrials,11
RVTY,-0.018537616173206223,-0.2190483502178061,-0.09251417027348816,-0.1654654795997922,-0.5186507167623249,,Health Care,16
SBAC,0.23621404354575265,-0.07482535344418682,0.3875050750911453,-1.0541119430558514,-0.505287337462806,,Real Estate,15
SBUX,-0.008129838931566527,-0.17685470762255637,-0.9114899975739825,-0.3747815369475595,-1.1789570908114047,,Consumer Discretionary,15
SHW,0.8064012057529828,-0.06710817098015656,-1.6499635614942452,-1.2731811304160807,-1.187189767185787,,Materials,13
SJM,-0.3564496841302171,-0.29002394493431766,0.9218323105496656,-0.5242220308320751,-0.29542996689759055,,Consumer Staples,13
SLB,-0.12351414533185316,-0.3751877231346461,-0.08224395348723534,0.04909365381425205,-0.3927114494869505,,Energy,11
SMCI,-1.1880166158828624,-0.3851421549100411,0.7001771572459273,1.526310592504346,0.4159403398100781,,Information Technology,16
SNA,0.4566048374190732,-0.2997665766284432,0.15761927438970905,1.5415297955170564,1.359006772388855,,Industrials,15
SNDK,0.009128802582262539,0.6217602682204699,0.11997274431843667,0.9249816419733907,1.1254913632474675,,Information Technology,17
SNPS,0.266920886131809,0.0955017055728648,-0.5849676510009852,-1.4750214254946423,-1.215410920209082,,Information Technology,16
SO,-0.19075206437699807,-0.04604096067439867,0.10112525433507717,-0.16434051486893825,-0.2873674120165584,,Utilities,16
SOLV,-0.04462733096481608,-0.48150711190419376,-0.19265310506653188,-1.0128661830718122,-1.512022811671456,,Health Care,15
SPG,0.8313515469181124,0.43645445550174594,-0.8723653640774132,-0.3086244922146366,0.11728064307507075,,Real Estate,15
SPGI,0.22670012181046215,-0.09165752840228412,-0.3763132289400456,-0.5424679727239182,-0.4037694575593257,,Financials,16
STE,0.08028512486948265,-0.010407714166042553,0.013727512091618058,0.3825639684763027,0.2542393475480818,,Health Care,15
STLD,0.12127727936558079,1.3461945409962222,0.22135671927013734,0.8291387791993462,1.7532830448940055,,Materials,11
STX,0.0653100707466229,0.6306956933956765,-0.2964869197427522,-0.1276537194508281,0.15123204100015789,,Information Technology,16
SW,-0.44735415293477476,-0.14564695692578455,0.17218095639958633,-0.6165852476376809,-0.470213196283608,,Materials,17
SWK,-0.5108664317926935,-0.21178497868023602,0.6212394105256968,-0.41000182092893606,-0.43205583572315465,,Industrials,13
SWKS,-0.6314596998637819,-0.5709563911671544,0.16757740239195865,0.43169154236035995,-0.4559631291853249,,Information Technology,16
SYK,0.15832851239402937,0.08236292749743523,-0.35074235486576694,0.16485040794729702,-0.0763543019621711,,Health Care,17
SYY,-0.34619474283713736,0.024609231563436747,-0.061179616381148494,-0.17594414290366922,-0.5547587403863202,,Consumer Staples,16
T,0.08210842902346423,-0.12149992497064514,0.5560160753215468,-0.2960761046987937,0.16263731395457842,,Communication Services,15
TAP,-0.3481637152079857,-0.32600790353175074,0.7176481732518293,-0.5614952349020498,-0.520702326799581,,Consumer Staples,16
TDG,0.6606850807756429,0.17136170542754595,-0.5501772091295808,-0.2303476719878105,-0.0061655598522058815,,Industrials,16
TDY,-0.2697210097872398,-0.23355005034397688,0.28674835271583515,-0.13574625733284376,-0.2818718333952644,,Information Technology,16
TECH,0.04433995300446368,-0.15865234880741585,-0.5391473964929072,0.7104349483187521,-0.07460584816189908,,Health Care,16
TEL,-0.37484704577536365,0.6990730966453239,0.3883101364953565,-0.03919301107353753,0.4298287438430259,,Information Technology,13
TER,-0.019250649124369124,0.3709731898681341,-0.6872630448599727,1.300912829180973,0.6324758317971397,,Information Technology,14
TGT,-0.36171071037998154,-0.1547186635612818,0.562572265249672,0.00025418679106131714,-0.0483086744499416,,Consumer Staples,16
TJX,0.021422859188530957,0.046227275905180366,-0.5168054918709464,-0.24706795531769557,-0.6139870778451009,,Consumer Discretionary,13
TKO,-0.18729471906683914,0.016510390191702945,-0.49637150752975295,-0.17608685737385912,-0.5855716061602977,,Communication Services,12
TMO,0.10079319627478278,-0.023486647979603193,-0.22413834947424854,-0.4384535120008437,-0.5907532167513387,,Health Care,15
TMUS,0.1362449108465731,0.021779011777959007,0.2338128873466118,-0.1480272771225386,0.1789977912103376,,Communication Services,14
TPL,1.9902189462830204,-0.05218404802308098,-1.3957576594330876,2.7755910781684716,1.9621846112613017,,Energy,9
TPR,0.6119760615991767,0.2446777496766185,-0.7022505137987151,0.27858306541147265,0.2091647039255002,,Consumer Discretionary,17
TRGP,0.17117584742109176,-0.4776031690282901,-1.5804194263731615,-0.7506851887633135,-1.6807678191456068,,Energy,16
TRMB,-0.21277827796160834,-0.4281021376830661,0.20135415579549695,-0.5213834008504313,-0.704224414167237,,Information Technology,17
TSCO,0.15986290341907536,-0.4506854018518143,0.15555023169853213,0.006816236672020595,-0.20010588271352286,,Consumer Discretionary,14
TSLA,-0.6282777237427349,-0.03372815749934719,-2.172315589146207,0.9050540161585782,-1.5128303175781403,,Consumer Discretionary,14
TSN,-0.5581158204542891,0.2676331013314967,0.1538135728181296,0.14177587761494467,-0.08286706059197763,,Consumer Staples,16
TT,0.026732065717321864,-0.1335250846416015,-0.06625815782814526,-0.049229374055520546,-0.21331141700217116,,Industrials,16
TTD,0.37838958168035286,0.09246689816693056,-0.03653530672592586,1.1614653297500632,1.1298998655627153,,Communication Services,14
TTWO,-0.4578182676450552,0.08815898960031124,-0.911260076916406,-0.42910949254024117,-1.195218641479894,,Communication Services,15
TXN,0.21276804314555972,0.17343978877922706,0.14990203151602485,0.894230985165453,0.9551303259868813,,Information Technology,15
TYL,-0.13659846154575672,-0.2762158493118991,0.1425957164328905,0.5703387675787711,0.17083899894549476,,Information Technology,17
UAL,-0.5357055838117076,-0.5409009922262824,0.6053299346500779,-0.3616317507913553,-0.67528326888937,,Industrials,16
UBER,0.1158074823919627,0.36798413924037937,0.0648548846362945,0.017515194299630304,0.3831863223678364,,Industrials,15
UDR,0.09532736829307642,0.02063325247636551,0.2523076979060029,-0.11485837943328985,0.2924663665145264,,Real Estate,14
UHS,-0.05204095786004376,0.0035277046303774004,0.7372858184227201,-0.041336895139975884,0.3999129104827545,,Health Care,16
ULTA,-0.26978100660277865,-0.03441259191185123,0.04236409092737362,0.033637962342025686,-0.27280935740694734,,Consumer Discretionary,13
UNH,0.1958234484580315,-0.27537288631555645,-0.15508019010689253,-1.3964812768670214,-1.4312223924495513,,Health Care,16
UNP,0.8535163597870596,-0.17834020386452032,0.308816412108143,-0.603483502092034,0.24273040860705505,,Industrials,13
UPS,-0.47275224648569697,-0.219034954771522,0.19186142462334,-0.31225422190787994,-0.6596011565673023,,Industrials,15
URI,0.1714421264856712,-0.10428564481144112,0.2798030753930343,-0.5033103126498855,-0.1634320837467692,,Industrials,12
VEEV,0.4678422812957669,0.3636776166743005,-0.014490481980439415,3.461617779900366,3.3181063284565178,,Health Care,9
VLO,-0.2918347921547985,0.35193948113135787,0.37274405551684664,0.41489951472366,0.4511980302618832,,Energy,17
VLTO,0.44320952330320335,-0.05555315648137881,0.07641285007972225,0.3643312601318016,0.581583652119687,,Industrials,16
VMC,0.060896502630063874,0.5045344074389674,-0.14039754940388818,0.0950072179114842,0.5037986878244,,Materials,12
VRSK,1.4601394997157369,-0.004461528142386724,-1.6307985439387522,-0.2272967639080485,-0.34959430280642595,,Industrials,16
VRSN,1.3061464118950028,-0.2998159567013244,0.22272264959138585,-0.6919529833156868,0.3352859270395057,,Information Technology,11
VRT,0.34174636527443386,1.042927367613215,-0.5748461565453762,0.11182038957939981,0.652130247291024,,Industrials,17
VRTX,0.585181777752872,0.02373308530906006,0.02046055445187276,2.3744980757194285,2.2936448774972233,,Health Care,14
VST,0.871324905271811,-0.15185189366359184,-0.784894351379139,0.8356151404465604,0.6934620995064198,,Utilities,15
VTRS,-0.30454995573602545,-0.07484689645874439,0.480903460927478,-0.856577341785663,-0.7271998795844077,,Health Care,17
VZ,-0.07084318165429732,-0.31789585968442374,0.4655762225430741,-0.30238293633550684,-0.15111945697080467,,Communication Services,11
WAB,-0.15030675794834816,0.047621937470957866,0.2228870371481077,-0.26996224686294484,-0.1584458557899135,,Industrials,17
WAT,0.031413156745883845,-0.11871042478114699,-0.6272004981677745,-0.13062858033257307,-0.7995723361727376,,Health Care,13
WBD,-0.5600125106348167,-1.283839633109728,-0.6548083963948015,-0.12077175611905966,-1.8348402068026068,,Communication Services,11
WDAY,-0.10627530641408515,-0.042376428662333876,0.17638499107459957,-0.371225148925403,-0.27578118096291765,,Information Technology,15
WDC,0.3064646808577866,0.927933800028471,0.36321033768769684,-0.2066364137108474,0.9278114760865998,,Information Technology,16
WEC,0.012131405686001207,-0.22132476624747782,0.29110775068909905,-0.39795125997154085,-0.30205744922603023,,Utilities,12
WM,-0.024464142578552426,-0.056326742510980514,0.2731124170459855,-0.6251990662179552,-0.37263903336078347,,Industrials,16
WMB,-0.11666057819780687,-0.5264140592911715,-0.7763172313999519,-0.7176944941061679,-1.3746423965882986,,Energy,12
WMT,-0.3525302450454391,0.21781350713046502,-0.7933920182082698,0.020383711830445184,-0.8468711302374278,,Consumer Staples,17
WSM,0.13344214865424306,-0.21794627699241542,-0.12989230816581462,0.09879592152082145,-0.19073469118257047,,Consumer Discretionary,13
WST,0.08387513867906504,0.23792713005832417,-0.8311916947706669,1.0470436238399055,0.31168792897297504,,Health Care,11
WTW,-0.13788477804382132,-0.21679238418052185,-0.023335855497053148,-0.21894267427135292,-0.14476320219021765,,Financials,15
WY,-0.5375219248489522,-0.26121966797989477,-0.12571015039902908,0.21194561047230268,-0.7232659887634044,,Real Estate,16
WYNN,-0.26333536447129857,-0.04748986350338245,0.36849322581287014,-0.6171387076163865,-0.5142995257875683,,Consumer Discretionary,14
XEL,-0.48482574225081293,-0.11944926191114796,0.0986143185758186,-0.5643074357487461,-0.993027902951648,,Utilities,10
XOM,-0.4170934561703922,-0.30080282027579036,-0.050855321769028516,-0.19069526459887054,-0.6542735722369621,,Energy,12
XYL,-0.19750215112849642,-0.19300978825423232,-0.08553995252756912,0.11761998372036517,-0.31631702933301187,,Industrials,14
XYZ,-0.5117230228333138,0.21276395093690695,-0.4589990702696711,1.4670087816264927,1.6662365196562443,,Financials,16
YUM,0.7471331878377124,0.17891500143865582,0.008554499775535554,-0.4081835664742147,0.2772737046874551,,Consumer Discretionary,15
ZBH,0.15808771140348307,-0.056400133082320246,0.44021863309865966,0.07809603845141877,0.3778662669210873,,Health Care,13
ZBRA,-0.3033224417827197,-0.2576815743012722,0.3041942051880815,-0.6723304725939279,-0.6821787663107608,,Information Technology,16
ZTS,0.34805170883631315,-0.2851811945757073,0.16029849209878436,1.2822931234429762,1.0894588511342325,,Health Care,13
